id,first_name,last_name,email,phone_number,CF
1,Elsinore,Rubinow,erubinow0@telegraph.co.uk,844-271-7246,WVUUKL6F03R763U
2,Harrison,Bamell,hbamell1@unicef.org,453-438-2278,FLXOVC6J68N382Q
3,Seth,Sabey,ssabey2@godaddy.com,662-805-4127,LPPALB8N02W206V
4,Dodie,Haisell,dhaisell3@apple.com,689-586-4498,TEMLYJ0N63E791D
5,Yorke,Harriagn,yharriagn4@wunderground.com,194-529-0496,FHOVCS8Y75A927B
6,Datha,McKinie,dmckinie5@gravatar.com,397-860-1746,FJOFFE4Q98O116V
7,Karissa,Boddington,kboddington6@gov.uk,208-981-4499,XGAYKB8L76I835X
8,Fae,Farthin,ffarthin7@mysql.com,978-605-8384,ZZHZLK8I58X907N
9,Erie,Lory,elory8@vkontakte.ru,685-252-7567,EDYRRH5O15A561W
10,Gregor,MacKeogh,gmackeogh9@hp.com,933-765-9346,NJFZOJ0Y79M563O
11,Gannon,Julien,gjuliena@altervista.org,572-517-5617,VOGIDE5U10J408T
12,Francisca,Lilie,flilieb@blogtalkradio.com,897-298-4302,LCLANR8D72Z090T
13,Nance,Sommerville,nsommervillec@printfriendly.com,922-775-4562,LDEDTO7U94X172K
14,Ben,Tramel,btrameld@skyrock.com,190-829-3126,FKGRFY3O69L826S
15,Abba,Arlidge,aarlidgee@themeforest.net,231-552-5842,IUTCLA8B68I591K
16,Genny,Kelby,gkelbyf@tripadvisor.com,448-585-0915,EWMDDL1L78E823X
17,Theresa,Dyke,tdykeg@yahoo.com,366-251-1446,MKRMSF0E80O354G
18,Isa,Wiffen,iwiffenh@sohu.com,554-224-2325,UFXSPP0P26B162J
19,Allison,Shemming,ashemmingi@1und1.de,469-567-2140,IXRKEP4U87W677A
20,Case,Wells,cwellsj@plala.or.jp,702-772-6232,MENJBO7R77L585L
21,Bernarr,Adamkiewicz,badamkiewiczk@apple.com,305-344-5736,MSCHOA8Y72P239J
22,Prudence,Belone,pbelonel@nps.gov,558-756-4328,KNPWZP8L07J732G
23,Blakelee,Stockford,bstockfordm@miitbeian.gov.cn,135-337-1176,WYKQWB9O04Q177U
24,Delinda,Pifford,dpiffordn@tamu.edu,379-232-2020,YAQQXK9U63E374I
25,Evangeline,Bortolutti,ebortoluttio@bluehost.com,160-671-4224,LAYVGN3I80T598S
26,Hetti,Steer,hsteerp@alibaba.com,811-695-4531,ZRRHXR4S92M770G
27,Demetria,Frawley,dfrawleyq@upenn.edu,435-464-4938,BUCYXY1X46K280U
28,Miran,Roseaman,mroseamanr@craigslist.org,309-336-1328,NTVEDY8J38Z764R
29,Susannah,Callam,scallams@chron.com,700-637-3020,SNIHMO9E29V631X
30,Vivia,Westwood,vwestwoodt@mapy.cz,525-330-9444,RGQCAW0E74Y659S
31,Daniel,Rameaux,drameauxu@twitpic.com,367-778-3224,KSYEHF6S77Z596O
32,Lucias,Steggals,lsteggalsv@adobe.com,371-436-1264,WCGFLU8Q94S654H
33,Gerri,Boffey,gboffeyw@squarespace.com,231-655-7611,RGDRQI3T75K022F
34,Clarance,Bateman,cbatemanx@flavors.me,739-706-3459,BUUTDP7K29T026A
35,Jo,Battershall,jbattershally@wikipedia.org,701-650-4456,UTMCLA0J07U450O
36,Livvy,Swalowe,lswalowez@bing.com,285-451-2424,MSMOTW4E59F765E
37,Abbey,Matusiak,amatusiak10@domainmarket.com,229-652-3472,OWCJBC8C92W233E
38,Frank,Noar,fnoar11@marketwatch.com,190-713-0717,GTCQFR1Y55A081T
39,Hal,Sailor,hsailor12@nsw.gov.au,205-264-1426,PQMBUW0M00O790Q
40,Camey,Hyland,chyland13@telegraph.co.uk,126-733-4604,YDNBBX5T01I907L
41,Cherie,Pareman,cpareman14@booking.com,851-467-4331,TWARUW9C56A359O
42,Ainsley,Sent,asent15@google.es,403-700-7776,WBDMHN8A81Z529X
43,Sayre,Withrington,swithrington16@hc360.com,397-641-2069,CGALQB2V68T051H
44,Genvieve,Matejka,gmatejka17@theatlantic.com,652-560-6953,VNDSYH2X85I533G
45,Niki,Lapley,nlapley18@aboutads.info,989-336-0310,ASBERX8T52X009F
46,Emmalee,Sherrock,esherrock19@sphinn.com,775-611-5341,YQOQXI4H64E309M
47,Becky,Bracer,bbracer1a@patch.com,868-776-0280,VFRGXG1C60J422S
48,Vaughn,Davidovitz,vdavidovitz1b@taobao.com,432-337-1361,IMQEXR1D57B852A
49,Dorri,Halling,dhalling1c@deliciousdays.com,505-909-0700,ZGGEPO7Q66R055N
50,Horacio,Wase,hwase1d@house.gov,320-497-1166,WUAGDD8W99U899H
51,Aurie,Wallsworth,awallsworth1e@reverbnation.com,297-923-4347,ITOPYY1W95O061I
52,Reagen,Stoneley,rstoneley1f@yelp.com,218-835-2494,WOSGGA8A39A269A
53,Averell,Gilley,agilley1g@tripod.com,400-922-1401,PFHUQP1M89H483W
54,Iormina,Mingame,imingame1h@xing.com,550-603-8714,ROOLTZ9I36V105W
55,Keelia,Lathleiff,klathleiff1i@hatena.ne.jp,847-923-0188,OFEYAK2A75M531H
56,Mortimer,Messenbird,mmessenbird1j@instagram.com,417-263-8536,SDLAZZ5L45E541B
57,Daniela,Haydon,dhaydon1k@yolasite.com,904-252-4266,UECJYY8V06K845X
58,Conrado,Riccardelli,criccardelli1l@booking.com,266-586-7041,VMHIZS1L48H702A
59,Jermaine,Fardoe,jfardoe1m@usnews.com,193-916-3143,YKMQQL0C76X346U
60,Darla,Ioannidis,dioannidis1n@aol.com,723-441-3741,YRCIAY0N48E232G
61,Ellissa,Upcraft,eupcraft1o@desdev.cn,860-313-2905,QWLQWJ5V07W627J
62,Curry,Barstock,cbarstock1p@live.com,111-903-9099,BSTOVK5B86D098R
63,Marie,Conwell,mconwell1q@deliciousdays.com,486-521-2170,ZOOPSY0U10C463O
64,Benoite,Whightman,bwhightman1r@sphinn.com,671-746-9230,NSDZYZ0H61W624F
65,Kriste,Ferreira,kferreira1s@pagesperso-orange.fr,768-310-4484,ILVGHP8Z48P301B
66,Arlen,Dollin,adollin1t@nydailynews.com,456-611-7843,VMREFO9T88M948I
67,Ham,Dehm,hdehm1u@t.co,189-619-3478,MFIMAV3V15U456J
68,Fritz,McAuslene,fmcauslene1v@friendfeed.com,233-839-1701,BUDVCI4Q40J058L
69,Jaquith,Ofener,jofener1w@globo.com,425-281-9521,PUKFZK2I20D474A
70,Corinna,Murrigans,cmurrigans1x@unblog.fr,410-882-4731,XDTVFC5S63P860M
71,Marv,Francescotti,mfrancescotti1y@businessinsider.com,761-707-4848,DYTSNT1B89H534R
72,Aida,Melmoth,amelmoth1z@desdev.cn,474-708-3689,QWFXTY9Z63P979Q
73,Neils,Knifton,nknifton20@blinklist.com,957-694-1460,RHHLWF9I34V928D
74,Elane,Klazenga,eklazenga21@cam.ac.uk,629-623-1985,ZVQAMK7L53D558O
75,Malachi,Pollie,mpollie22@samsung.com,949-572-0042,RIKNXC9T31R754R
76,Saraann,Ivie,sivie23@yellowbook.com,409-525-9829,SZOKYD6T59W649F
77,Mario,Falconer,mfalconer24@nsw.gov.au,980-875-8095,UHAWRW2P17S388X
78,Phyllida,Maddock,pmaddock25@prnewswire.com,685-226-4697,WBCNEJ2L49M460I
79,Galvin,Tidswell,gtidswell26@accuweather.com,296-436-3072,UVJAPO4B13D959Y
80,Zorana,Children,zchildren27@so-net.ne.jp,896-673-0879,FRYXTD2O92W307G
81,Milicent,Widdows,mwiddows28@utexas.edu,144-902-5432,SRJYVB2U30R753L
82,Livvyy,Stairmand,lstairmand29@loc.gov,875-538-5030,EMFSCE1V18N353D
83,Giustina,Maltman,gmaltman2a@nature.com,719-904-1154,RDILZE7N55Y886T
84,Irita,Pollicote,ipollicote2b@booking.com,827-996-7165,KZMFVE6Q37O412C
85,Anton,Shanks,ashanks2c@bloglines.com,585-206-6636,UJEFSU9F96N323T
86,Nat,Hadlington,nhadlington2d@icq.com,886-151-4127,FDNLGQ0E95G166B
87,Lise,Poundesford,lpoundesford2e@google.es,252-647-9356,GNTNFC2A96Y057M
88,Abel,Pannett,apannett2f@plala.or.jp,606-424-2326,HOMRBV6W41T793W
89,Malynda,Pinchback,mpinchback2g@acquirethisname.com,109-637-8360,JATYJD1U11Y582T
90,Benedetta,Hartzog,bhartzog2h@yolasite.com,713-379-3208,BUUGAN5W67W173J
91,Samuel,Tomasoni,stomasoni2i@indiatimes.com,262-530-2689,GMPTHJ2Z50Q677G
92,Ric,Brightling,rbrightling2j@wix.com,246-653-3270,ELSIQI8U36L484B
93,Chelsey,Ishchenko,cishchenko2k@last.fm,824-778-9540,GENIYM5J39R456C
94,Hildegaard,Shevlin,hshevlin2l@soundcloud.com,989-106-9887,JUSARC4Q66Q679B
95,Clement,Really,creally2m@blog.com,936-187-7436,MHSXMF0A03O390A
96,Reta,Chalk,rchalk2n@dropbox.com,384-654-5698,LPTOFT6R03N414C
97,Lemmy,Hodgets,lhodgets2o@gov.uk,286-844-6599,YEVWON9M04B853K
98,Berty,Mattiello,bmattiello2p@dagondesign.com,714-211-5485,HNHQJL6T31T856T
99,Margaretta,Reeks,mreeks2q@blog.com,915-228-8703,FZVLEL2A21H070G
100,Iosep,Wetherill,iwetherill2r@yale.edu,623-630-1195,ACLXML9S73V744M
101,Shandra,Mioni,smioni2s@accuweather.com,573-470-6178,RYYARE6U99T421G
102,Robina,Nelsey,rnelsey2t@mayoclinic.com,767-314-8011,YYLEEJ0Y49D133F
103,Samson,Redley,sredley2u@mapy.cz,436-792-6690,HFGCSI9S13Q741W
104,Vladamir,Wakefield,vwakefield2v@hubpages.com,161-661-1550,NPUZZG5N89B937G
105,Shaw,Ownsworth,sownsworth2w@360.cn,137-188-4137,MZTJBC0T63B488Z
106,Gussie,Wetwood,gwetwood2x@topsy.com,406-320-1520,FLCEYD6M81F336G
107,Dilly,Deares,ddeares2y@netscape.com,776-613-4812,YWDBAB5G94J812R
108,Daune,Auchterlonie,dauchterlonie2z@bbb.org,262-812-8842,FLGGQU0J31X244X
109,Alyse,Doble,adoble30@amazon.de,284-765-6365,XKMRYP4F87T243I
110,Elke,Flanigan,eflanigan31@icio.us,527-242-7347,QVZMGX0W47N760N
111,Stillmann,Gudgeon,sgudgeon32@amazonaws.com,138-813-2939,UZAWYO9Q82I141Q
112,Kaitlin,Wickliffe,kwickliffe33@thetimes.co.uk,949-250-0379,FDXCZJ7F20M946M
113,Saxe,Cumming,scumming34@zdnet.com,572-571-5826,EFLCSE7O11K502A
114,Esdras,Jeppensen,ejeppensen35@cocolog-nifty.com,980-655-1319,LJTITU5P83M404V
115,Patin,Gerdes,pgerdes36@goo.ne.jp,624-886-3976,ILOBPQ1U46I834L
116,Vicky,Benley,vbenley37@yelp.com,551-212-5504,KPBRLI8I12T949D
117,Lelah,Norquoy,lnorquoy38@usatoday.com,577-725-7414,IHYREH8B27Q789E
118,Win,Saer,wsaer39@salon.com,157-912-3930,VQVQFA4L91Y175U
119,Velvet,Parminter,vparminter3a@netlog.com,696-457-6179,FYIALS9Q21F795J
120,Billy,Herreran,bherreran3b@zdnet.com,338-345-3267,QEPNAD0K40Y708P
121,Rudolph,Gracewood,rgracewood3c@fda.gov,481-310-5149,GCFNTD9Q44V786F
122,Emmey,Rapsey,erapsey3d@nbcnews.com,162-290-8664,HUQPQF6O09B804Y
123,Amory,Eyam,aeyam3e@nytimes.com,507-120-4832,VJXPKK7B95B686S
124,Britni,Peaple,bpeaple3f@cnn.com,556-403-2843,WNGLBU6F42X786K
125,Johnath,Cooksey,jcooksey3g@accuweather.com,812-342-4424,VRGEXX9J11A986S
126,Wes,Jorez,wjorez3h@usda.gov,284-623-0351,HGCWOP4Q05N713V
127,Nathanael,Loweth,nloweth3i@state.gov,663-831-0514,LWSJCL6G26I163B
128,Blanche,Brame,bbrame3j@de.vu,100-372-0198,LPWMRR4M49U615Y
129,Aristotle,Pedley,apedley3k@zimbio.com,741-932-5365,NTFWXE7J91T591U
130,Giorgi,Pleace,gpleace3l@mozilla.com,914-984-6105,MCPQSL8O56K129Q
131,Sallyann,Leathwood,sleathwood3m@psu.edu,483-657-7244,MGWAVM1R35L239B
132,Pet,Sallan,psallan3n@pen.io,586-684-3024,YJZATP6B30P299M
133,Kylie,Sebyer,ksebyer3o@nba.com,156-897-3906,DLXLXD2O92F334C
134,Starla,Gillford,sgillford3p@deliciousdays.com,207-949-6822,AGWYDL2H99J092C
135,Brook,Leverett,bleverett3q@networksolutions.com,593-744-7400,CDDIER8B63F576D
136,Shepard,Douris,sdouris3r@google.ca,193-304-5653,PKFLRY5U32B713N
137,Jolee,Herley,jherley3s@booking.com,990-771-0657,MKVMZS2G74N559Z
138,Guillema,Piel,gpiel3t@jimdo.com,698-506-8721,TLMKCY0W31A622U
139,Danya,Toulmin,dtoulmin3u@tamu.edu,401-969-3617,NXPAKC8T69K147J
140,Lulita,Espinola,lespinola3v@mapy.cz,372-580-3446,CENOKB5F58P915F
141,Fairleigh,Riceards,friceards3w@yelp.com,391-757-2049,SXKAQS1Y08E409H
142,Bernelle,Rubertelli,brubertelli3x@ifeng.com,438-844-9175,PSQOUC7J03L929C
143,Hailee,Hostan,hhostan3y@goo.gl,462-518-3437,BYDEMQ2Z18E321E
144,Klement,MacGowing,kmacgowing3z@bloglovin.com,112-296-9488,FGOXQH9N74O327R
145,Stace,Varty,svarty40@is.gd,760-840-9432,SKNMUT6Z00X259Y
146,Vivian,Myall,vmyall41@dmoz.org,222-880-3461,LGOJJH0I35R992F
147,Kim,Greenstead,kgreenstead42@desdev.cn,239-743-3305,KSDZUB4F12U830Q
148,Ford,Storrah,fstorrah43@epa.gov,610-141-1590,EYPZPU3O06X525M
149,Kim,Mecozzi,kmecozzi44@cbc.ca,822-985-4480,YROETV1K92T565E
150,Mia,McKnish,mmcknish45@furl.net,567-341-4823,YIIRTR1A76V763C
151,Dulciana,McCrum,dmccrum46@twitpic.com,540-904-3496,GKFSKW0E76S717R
152,Alphonso,O' Mullan,aomullan47@businessinsider.com,573-981-9935,CGEMGW3M65K178M
153,Wilhelm,Wyvill,wwyvill48@123-reg.co.uk,696-371-5650,QJHYYK9H36N666D
154,Marthe,Mac Geaney,mmacgeaney49@woothemes.com,716-527-4242,KZDSOC7K81T889F
155,Vail,Eyree,veyree4a@lycos.com,265-720-6716,FQRXUW2A10F422O
156,Krissy,Veazey,kveazey4b@cbslocal.com,580-177-9045,YCYDHJ1M94Z899M
157,Shina,Novotna,snovotna4c@dropbox.com,741-902-3362,PBOIPV7V31E628F
158,Thornie,Whitemarsh,twhitemarsh4d@cbslocal.com,536-410-9283,OGKPJW4D11I111E
159,Gelya,Yukhov,gyukhov4e@yahoo.co.jp,132-951-4763,UNZZXF8G23N428H
160,Madella,Vauls,mvauls4f@istockphoto.com,309-768-8060,QUKJNQ8B16Z941D
161,Elspeth,Noden,enoden4g@smugmug.com,796-814-9689,IPUOHO7I00L829P
162,Mitchael,Simion,msimion4h@independent.co.uk,304-403-7638,ETEUTA4R98Q920M
163,Janos,Pipe,jpipe4i@hp.com,860-927-7452,YNRFJH7D07U220D
164,Gene,Rodder,grodder4j@java.com,947-394-8236,UZKEKO4M34V938T
165,Cassey,Elloit,celloit4k@howstuffworks.com,164-422-3348,ZGUMTQ5P39D208C
166,Lorne,Binden,lbinden4l@e-recht24.de,702-462-4044,UZAQUK1C68V949R
167,Wilek,Royce,wroyce4m@prlog.org,482-530-8035,OUAIQW7J39B681X
168,Gleda,Huby,ghuby4n@umn.edu,892-513-4876,FNDCIQ3V06M405W
169,Reina,Doswell,rdoswell4o@digg.com,626-703-2631,ROFOZO4U85W016K
170,Jedediah,Loftie,jloftie4p@youku.com,673-643-6937,NWFOGD2F84Z984V
171,Ky,Allicock,kallicock4q@google.de,934-848-6392,BTIRLB2D42Q345Z
172,Steffi,Rizzotto,srizzotto4r@spotify.com,585-332-0513,LMAJLM9Q69V410G
173,Idell,Eyes,ieyes4s@yandex.ru,301-765-9352,UUULFQ0B41R481F
174,Adair,Shilstone,ashilstone4t@w3.org,398-528-8706,SRUGSU4Z96D832I
175,Estrella,Ribbon,eribbon4u@imageshack.us,575-664-0092,XVECAW1K94N001F
176,Ulises,Tolworthy,utolworthy4v@delicious.com,116-403-5868,XVJDUZ1Y84E124L
177,Germain,Pappi,gpappi4w@ameblo.jp,973-462-9786,TYBCCB3W28X785W
178,Micheline,Agirre,magirre4x@gizmodo.com,519-272-9146,XXEDLX3A65U851F
179,Jazmin,Squibb,jsquibb4y@wired.com,511-754-1483,QRIICG2S59S356P
180,Hammad,Owlner,howlner4z@addthis.com,882-917-0793,QERJZY3Q98N837D
181,Joel,Fleckney,jfleckney50@timesonline.co.uk,723-528-2262,NPVQGK0V29L369N
182,Dino,Eustis,deustis51@unblog.fr,469-577-4377,DJLNTJ7D34Y256T
183,Conrade,Matteris,cmatteris52@rediff.com,422-668-1970,WOZEHS0P48V864J
184,Filide,Prop,fprop53@tripod.com,668-328-2056,UBLUCJ0G93F726R
185,Melody,Renshall,mrenshall54@earthlink.net,783-692-5389,SIVOOT8C49U374K
186,Carolee,Hetterich,chetterich55@jalbum.net,840-271-5485,DSPMYY3O92S500U
187,Marlyn,Klos,mklos56@fda.gov,804-272-2198,PHJOXG2J33J586B
188,Les,Collecott,lcollecott57@tamu.edu,741-935-9348,IEBEJK9V95B557T
189,Sharia,Elvin,selvin58@jigsy.com,572-814-6553,YSHVLV0W07G543U
190,Helga,Brisker,hbrisker59@youtu.be,411-974-7136,CMSWIS0Z69D642O
191,Ginni,Laden,gladen5a@vkontakte.ru,726-945-8860,YMHJLQ6B42N863X
192,Lionello,Dominka,ldominka5b@tinyurl.com,997-819-9901,CKHBPW2Q61F699N
193,Kris,Vose,kvose5c@fotki.com,279-738-8801,XFMIRK7M18H611F
194,Ted,Denmead,tdenmead5d@reference.com,825-714-5569,JBYZBH5B94G118E
195,Louisa,Crumly,lcrumly5e@nps.gov,862-303-2651,GFEQMY9I92O792I
196,Libby,Shakshaft,lshakshaft5f@cnbc.com,146-567-2780,LQUXVH0V83P298G
197,Junie,Bartak,jbartak5g@umich.edu,435-560-7520,TIPSZY2E25M446C
198,Rolando,Airlie,rairlie5h@time.com,217-883-0917,IOWBFS0K41H789O
199,Freddie,Elbourn,felbourn5i@fotki.com,691-181-3733,ULLMGG0I72W122T
200,Nanci,Lamperti,nlamperti5j@hubpages.com,876-381-5291,FQUJRF6Z22Y523V
201,Nelly,Ealden,nealden5k@smugmug.com,577-937-6600,EOMVIU4H09D412M
202,Elsy,Mayston,emayston5l@sina.com.cn,511-529-4550,UEBGVI9B46M916L
203,Rosamond,Trudgeon,rtrudgeon5m@pbs.org,528-337-8869,YZKMVS9O60I251Z
204,Deborah,Masdon,dmasdon5n@census.gov,679-658-9617,MLJMRP6W47B363A
205,Paten,Fullerlove,pfullerlove5o@illinois.edu,632-202-5643,ZAPRJK4J46L847J
206,Joane,Seyffert,jseyffert5p@about.me,263-552-8852,QEDQCI8M69Q167D
207,Jinny,Gawkes,jgawkes5q@goo.ne.jp,464-941-5730,KMFQLQ2V99B608N
208,Brynna,Youell,byouell5r@nps.gov,762-478-8499,EFRKWC3E17J185B
209,Craig,Peres,cperes5s@google.it,591-685-6757,VPHFKD5S29F601X
210,Binny,Fourmy,bfourmy5t@youtu.be,461-676-5701,PMYRCQ2T98I560W
211,Pearline,Haselup,phaselup5u@meetup.com,215-990-9003,WLTTBA0G08Y253J
212,Alvy,Venediktov,avenediktov5v@npr.org,933-624-7945,IQSJVZ4V39I237N
213,Lottie,Goeff,lgoeff5w@elpais.com,984-855-9980,LWSIXD2G95T757O
214,Damiano,Lezemere,dlezemere5x@yandex.ru,364-647-8245,CYSWPQ4A93G694A
215,Carroll,Rutherfoord,crutherfoord5y@constantcontact.com,295-450-2305,NVWQVK0H24R973Y
216,Jenna,Savill,jsavill5z@hugedomains.com,636-947-1484,QYTLVP3Y50D822Q
217,Renate,Francois,rfrancois60@smugmug.com,878-244-3667,LGVCAK0A02S364D
218,Bancroft,Speirs,bspeirs61@noaa.gov,825-493-4535,ZHGQUS8T62S486Q
219,Terrye,Hobbing,thobbing62@pinterest.com,485-663-8788,UCPUJN9K17U056J
220,Daphna,Guyton,dguyton63@seattletimes.com,148-249-1424,XIFIEB8P16J137F
221,Karna,Janney,kjanney64@spotify.com,472-655-2096,ANHPWS4U41R500R
222,Shirley,Overnell,sovernell65@vk.com,533-455-3753,QGWSDK5P98A594G
223,Jonie,Eke,jeke66@disqus.com,719-395-4796,TEGVEU0H77L671J
224,Stirling,Hansell,shansell67@house.gov,420-690-7988,IKPSFV3O33H004J
225,Claudio,Pirdy,cpirdy68@house.gov,758-910-5440,SXJVPV4S83S795E
226,Tarra,Broxap,tbroxap69@goo.gl,167-804-7748,CKWLUC5J40C563L
227,Brandtr,Abbotson,babbotson6a@wikipedia.org,876-145-9606,YUZWZD7B00L513I
228,Penn,Ert,pert6b@narod.ru,123-515-0190,ZHRRIA8V77K837K
229,Zollie,Pray,zpray6c@google.co.jp,443-915-8011,XHUEEQ9Z26I142R
230,Denys,Premble,dpremble6d@prnewswire.com,638-149-5309,XAZFIP9I88D427L
231,Emmery,Pozzi,epozzi6e@va.gov,962-838-5818,HHTTJG4S80G845F
232,Fawne,Pires,fpires6f@va.gov,886-581-6796,XBGHPL1F09G221U
233,Banky,Piddock,bpiddock6g@princeton.edu,111-222-9522,THJLAP6C51L653I
234,Dedie,Luckie,dluckie6h@theguardian.com,446-648-6753,HFOCGY4P57D193B
235,Lennard,Haughan,lhaughan6i@cmu.edu,182-910-2625,GGFKMF1K65K131E
236,Merrilee,Yakuntzov,myakuntzov6j@typepad.com,365-373-2139,VWRCZG0J67U492M
237,Stephanie,Sogg,ssogg6k@csmonitor.com,227-107-4821,ZLFCCC4W73W837I
238,Hill,Hembling,hhembling6l@free.fr,556-973-5311,QTQLVQ0S38L790M
239,Rosabel,Clardge,rclardge6m@storify.com,976-932-7083,OQVMPI2S03J182Q
240,Burnard,Collister,bcollister6n@4shared.com,560-258-4918,KMMAHJ7U37H250A
241,Eddy,Longridge,elongridge6o@reference.com,118-963-5449,LMZWAU0O25C223L
242,Thia,Newens,tnewens6p@eepurl.com,244-476-2097,JIKQWF2Y16G195T
243,Emmie,Oaten,eoaten6q@npr.org,948-607-4358,MDBIUD3X43S326Y
244,Gothart,Orum,gorum6r@uiuc.edu,684-914-5489,IIIEZE8G74K257B
245,Lorin,Gildersleaves,lgildersleaves6s@whitehouse.gov,903-902-8705,RIHMJZ9R32F961U
246,Hope,Andraud,handraud6t@theguardian.com,615-944-7162,ELQYPK2O01O092B
247,Hillary,Kieff,hkieff6u@wikispaces.com,745-438-7352,WWCIIS7P86L245E
248,Martainn,Clint,mclint6v@alexa.com,148-183-0835,ELOSEC9W24P548E
249,Joshuah,Cosyns,jcosyns6w@berkeley.edu,131-512-3979,RCMRNB9B26K823I
250,Cherey,Durkin,cdurkin6x@nytimes.com,931-601-8308,CMLKHU7H84L108W
251,Arlina,Twydell,atwydell6y@foxnews.com,153-627-6293,QQGNEH2U82L831F
252,Didi,Scatcher,dscatcher6z@netvibes.com,189-474-4920,JABTFG5Y21C549N
253,Maryl,Mettetal,mmettetal70@stumbleupon.com,640-484-4555,TTPZGE6X93F997X
254,Dulce,Iveans,diveans71@economist.com,183-606-8774,QPATKI8M71K377D
255,Amata,Emburey,aemburey72@redcross.org,819-623-8543,DHGDVB3V39E818C
256,Arabela,Pepper,apepper73@dropbox.com,374-847-3953,AJYGUY5U81Q287O
257,Blanche,Houseago,bhouseago74@comsenz.com,790-432-4537,UDZRYQ1Z04V711R
258,Wade,Sweeten,wsweeten75@goo.gl,282-591-2507,MFTZOC0L63Z008L
259,Emiline,Stirton,estirton76@zimbio.com,821-940-2995,PQHFUB8M01A925F
260,Arlie,Giddy,agiddy77@nationalgeographic.com,593-424-4407,UBUAWP8X62F080K
261,Johnathan,Jobin,jjobin78@yolasite.com,816-652-0968,NBYFEH7I05S105Z
262,Griff,Rainbow,grainbow79@ifeng.com,919-650-2912,GHXDER7P98M352P
263,Rosalinde,Twine,rtwine7a@jalbum.net,368-166-5086,KWQGRL8R49V071N
264,Kynthia,Tight,ktight7b@addthis.com,763-444-9347,BBSERZ6W71N461I
265,Claresta,Huncoot,chuncoot7c@ovh.net,640-196-0740,SFZXDD1T22A113N
266,Melody,Domenicone,mdomenicone7d@hp.com,512-739-2978,KNLRFQ7D87K227L
267,Cindie,Crocombe,ccrocombe7e@dell.com,642-542-6560,FKEZNX8A99C350Q
268,Hersch,Gusney,hgusney7f@weather.com,164-989-6841,KULINV5K20G340G
269,Nikoletta,Denham,ndenham7g@photobucket.com,555-540-3657,ONFFUW9O41Q437W
270,Winni,Johann,wjohann7h@friendfeed.com,253-475-1892,HVNJIC9T10X414U
271,Jephthah,Cantrill,jcantrill7i@google.ca,540-350-1126,XUYQQQ9B98N003S
272,Laurence,Dellow,ldellow7j@un.org,254-257-2677,DJKTSS9D17S450A
273,Edsel,Di Filippo,edifilippo7k@usgs.gov,201-839-3303,PRQJWP0O81Y371L
274,Stacy,Renachowski,srenachowski7l@homestead.com,618-136-8393,SBNCIH2U24W797K
275,Cameron,Brummell,cbrummell7m@netvibes.com,684-361-8992,GESUAA5J92Z453C
276,Isabelle,Gonzalez,igonzalez7n@aboutads.info,614-443-7030,OXLLUG6T81P465M
277,Chiarra,Chansonnau,cchansonnau7o@webeden.co.uk,535-359-1909,UWWGLN7R34R543X
278,Lorry,De Lasci,ldelasci7p@cbsnews.com,838-323-6739,JEPMSU4N99Z288P
279,Micaela,Gainforth,mgainforth7q@desdev.cn,994-410-5424,XJKPBC5C07K196M
280,Rheta,Lissaman,rlissaman7r@bandcamp.com,102-708-2424,IOKZYR3Y40A358R
281,Melisent,Stollenbecker,mstollenbecker7s@jimdo.com,938-639-5332,DQAMSL6Q80O776K
282,Garner,Willgress,gwillgress7t@utexas.edu,423-651-2544,UNPKTQ8I68R443U
283,Gill,Swaton,gswaton7u@accuweather.com,676-503-9634,IATSXI5S11Z865T
284,Claudian,Castanares,ccastanares7v@surveymonkey.com,608-526-4905,IEAYAV4V57O442K
285,Marlin,Dossit,mdossit7w@disqus.com,653-506-7874,JCFNKJ6F82U219G
286,Judy,Perutto,jperutto7x@phpbb.com,540-585-2435,SIVIXS3C66W001C
287,Winny,Tillot,wtillot7y@yale.edu,140-657-2144,URXCLY6T56D182O
288,Desirae,Healing,dhealing7z@friendfeed.com,694-824-6029,LTSPQN4A65M672Y
289,Laverne,Chasmor,lchasmor80@bloomberg.com,119-825-7012,OUGJGO8S00V661E
290,Mead,Drakeley,mdrakeley81@posterous.com,894-656-4648,DFFUNP5K43F990D
291,Chen,Ferreiro,cferreiro82@sina.com.cn,518-822-0509,JRTKYZ4Q83U672W
292,Letitia,Flello,lflello83@purevolume.com,710-565-8879,YDUNQT7A63D318S
293,Andromache,Corneil,acorneil84@dot.gov,961-332-2551,RRBPLB3D38Y662F
294,Granny,Jerschke,gjerschke85@ezinearticles.com,379-425-1965,VIODAW4V02W126S
295,Titus,Rickerd,trickerd86@shareasale.com,192-357-6136,NGOMGX8F51P388F
296,Rosamund,Toquet,rtoquet87@linkedin.com,552-404-7981,REXNOZ2X56Z150D
297,Rockie,Goodsell,rgoodsell88@ucoz.com,221-750-5197,NLNYGW2K84I776N
298,Kyle,Trillow,ktrillow89@discuz.net,579-982-3456,FSKGJO3E89F732C
299,Waldon,Durdy,wdurdy8a@github.com,186-519-9690,USQZHF2B21S243U
300,Amandie,Shoreson,ashoreson8b@vistaprint.com,151-279-9051,GZUWIC1U79O403R
301,Modesta,Mellor,mmellor8c@booking.com,510-250-8912,PRPBLW2E70F732U
302,Diann,Dowdney,ddowdney8d@unblog.fr,241-172-3117,PVTROH8T86T963N
303,Bridgette,Skim,bskim8e@census.gov,755-663-9791,CRLYKU7X25H899O
304,Dolph,Francom,dfrancom8f@illinois.edu,982-709-2089,NDTGMK7O29E363F
305,Udale,McClean,umcclean8g@wired.com,292-242-4914,OPREJP5H63T168B
306,Alberto,Triggel,atriggel8h@altervista.org,156-390-4051,NGGTTB8Y39Y363F
307,Virginie,Beinke,vbeinke8i@cdc.gov,757-821-2152,PKQBCF8X36R695R
308,Vivian,Ausher,vausher8j@woothemes.com,303-971-8393,YRSCND2I98C007I
309,Sibilla,Ricker,sricker8k@blinklist.com,603-131-0402,ALCWQJ5I86L221R
310,Keith,Bern,kbern8l@sohu.com,135-702-8473,MWIDDV1H89X373Q
311,Lilyan,Janaway,ljanaway8m@netlog.com,749-743-3383,PHJCJE7Z32O102P
312,Marja,Rasp,mrasp8n@constantcontact.com,410-501-7699,TAXWYO4X27W097N
313,Martica,Aymes,maymes8o@businessweek.com,813-258-3403,YAKVYQ0L37F881A
314,Quint,Dawtre,qdawtre8p@joomla.org,289-852-8384,UTJVDF3U80Y552R
315,Del,Poyner,dpoyner8q@addthis.com,898-225-4697,RXFPDO5X87D500R
316,Nolana,Clampin,nclampin8r@1688.com,201-846-1985,OHFKEU0Y56H368Z
317,Rozelle,Devenny,rdevenny8s@php.net,555-342-3839,RZVFJW4S81R537D
318,Jess,Kennifick,jkennifick8t@woothemes.com,546-825-2810,TYOHIZ2A13K439O
319,Osborne,Milliken,omilliken8u@themeforest.net,981-220-2726,MCAWGT2O59Y199M
320,Kirbie,Balducci,kbalducci8v@squidoo.com,885-968-0753,FFEIGF2J73U413Q
321,Durward,Dumbar,ddumbar8w@state.gov,583-565-7046,ZTJAMS2G18M023E
322,Beatrisa,Stevani,bstevani8x@yolasite.com,612-246-5897,FFLKIM9D79X880S
323,Blondy,Mummery,bmummery8y@europa.eu,768-111-6806,RQYAMW3L77D059L
324,Dennie,Stedmond,dstedmond8z@slate.com,700-150-4350,HXTSNZ9H80X682C
325,Bren,Merkel,bmerkel90@reddit.com,778-688-5171,AWPPBF6S35X920D
326,Maxine,Sillett,msillett91@cpanel.net,355-366-2280,AVBCUX2M75V600E
327,Gilburt,Rossin,grossin92@time.com,283-944-2792,UFQVQI2Z65O238W
328,Martguerita,Yaneev,myaneev93@wisc.edu,198-592-1906,KGQKNR5E42J977B
329,Duffy,Hiddy,dhiddy94@paginegialle.it,789-189-8228,AOZJSG4Q39J605V
330,Tommie,Djokovic,tdjokovic95@hao123.com,448-290-2908,ACIVCN6H74H670P
331,Marylou,Curson,mcurson96@amazonaws.com,315-970-8656,XUUQHQ5E03L269K
332,Colly,Lettson,clettson97@google.ru,971-148-1310,BXHXGZ8S47O301K
333,Gladys,Ayllett,gayllett98@rambler.ru,765-371-6267,FMKNNR8N34A675D
334,Benyamin,Jorger,bjorger99@desdev.cn,815-485-1899,SWJXKP0M53O935P
335,Parrnell,McMenamie,pmcmenamie9a@usatoday.com,142-783-3123,UVZAXN0R23J867I
336,Glen,Chambers,gchambers9b@behance.net,590-198-4491,UDJPPB3O71G326L
337,Linnie,Vobes,lvobes9c@noaa.gov,394-922-3229,KKZNYG3I35R264P
338,Rickie,Northridge,rnorthridge9d@ocn.ne.jp,727-327-5997,MOZWRV2Q23K441U
339,Babbette,Brayford,bbrayford9e@marriott.com,190-549-8486,DTNSRC7O25K898V
340,Candy,Rudeyeard,crudeyeard9f@chicagotribune.com,205-480-8588,EQFGFK8C52H543V
341,Piggy,Satterly,psatterly9g@taobao.com,371-185-2289,XIUWXK6H50E180B
342,Judie,Kestle,jkestle9h@surveymonkey.com,238-671-3101,OOWCIY1M85T331Z
343,Luelle,Brandt,lbrandt9i@huffingtonpost.com,626-627-7689,HQZWUP5A74D570Z
344,Lura,Randle,lrandle9j@wikispaces.com,117-654-4054,HLNMEH2H92O628Z
345,Raynard,Stoaks,rstoaks9k@purevolume.com,194-374-6482,BZXWDQ7F18W430J
346,Reinold,Mansford,rmansford9l@europa.eu,814-939-1286,ODAIDU5Q18G387R
347,Donnajean,Cazereau,dcazereau9m@baidu.com,682-792-6369,JUKYUG2T02D651T
348,Cairistiona,Egle,cegle9n@hibu.com,679-104-9525,UJWZGY6Q13T046Z
349,Austin,Abberley,aabberley9o@blogspot.com,616-931-6957,AGBPBO1T10P073Z
350,Wallas,Mc Gaughey,wmcgaughey9p@smh.com.au,175-471-4533,JBOGOA8Z67B439C
351,Roderick,Mulqueen,rmulqueen9q@zimbio.com,878-529-7627,ULQAOS4E91B940L
352,Cordey,Oag,coag9r@va.gov,957-133-6464,EWXELJ9F92C466H
353,Simone,Gapper,sgapper9s@symantec.com,783-347-2043,LACBAN8J26H229C
354,Crosby,Griston,cgriston9t@simplemachines.org,952-519-5166,WZVSJB8O33K468N
355,Janeta,Aggs,jaggs9u@altervista.org,596-630-6485,QQTRKN4D37B395M
356,Aliza,Ector,aector9v@webeden.co.uk,636-827-6913,ZQFOLX5X01B937F
357,Joyous,Bosma,jbosma9w@oracle.com,569-654-4805,SHEYXY1Z97O023U
358,Alaster,Klaussen,aklaussen9x@yelp.com,308-467-4577,BABJVU5J56P354F
359,Michaeline,Gogin,mgogin9y@typepad.com,744-303-3861,DUZWNG1X79H306E
360,Alfonso,Burchard,aburchard9z@home.pl,778-219-5848,OONJOT5U68B943K
361,Phelia,Oxburgh,poxburgha0@squidoo.com,888-756-6841,ZWILNE1H16C976G
362,Eloise,Blant,eblanta1@reddit.com,991-172-1311,ZDCIQR0K05B379D
363,Aleen,Habens,ahabensa2@blog.com,347-909-1319,TZAPTI6B97D058J
364,Douglass,Eastcourt,deastcourta3@deviantart.com,317-116-6640,DCEEWF1Y86K449G
365,Patricio,Van Salzberger,pvansalzbergera4@dropbox.com,715-883-2154,JGUCXC9U28B557X
366,Elianora,D'Arrigo,edarrigoa5@ask.com,669-595-8289,FRAULI2Q24P260Q
367,Suzanne,Gavini,sgavinia6@house.gov,871-147-8618,NHUFHU7A44T708E
368,Abel,Killoran,akillorana7@webs.com,306-368-9975,YHJRLU5S37C240B
369,Haley,Sylvester,hsylvestera8@noaa.gov,148-634-4284,URMQGN1Y29X632C
370,Jaimie,Crisp,jcrispa9@un.org,464-160-7329,EZVOZZ0B61H552Y
371,Borden,Conklin,bconklinaa@theglobeandmail.com,207-308-0033,FTCZJH0P26Z437D
372,Brockie,Swabey,bswabeyab@diigo.com,201-562-9118,IBLSLN3C49N349C
373,Wallis,O'Dyvoie,wodyvoieac@businesswire.com,519-332-6397,PLYZWB1G94B178V
374,Ambrosi,Gligorijevic,agligorijevicad@lycos.com,184-957-1456,HSJWUR7V71X716H
375,Yancy,Bloxsome,ybloxsomeae@i2i.jp,859-840-5448,BMYUEP9I81Y632U
376,Colly,Reed,creedaf@diigo.com,627-928-2018,ASFALV2H34R064Z
377,Heriberto,Normington,hnormingtonag@histats.com,663-105-4438,LUCHLC6T59W742X
378,Berti,Mourant,bmourantah@arizona.edu,865-824-5908,PJIPPM2W52V391M
379,Lauree,Chesney,lchesneyai@cam.ac.uk,502-389-9324,ZETMJW6C24Y230F
380,Shepard,Haselup,shaselupaj@shop-pro.jp,536-273-9383,QOCEVC5I14A583O
381,Cecile,Sprague,cspragueak@google.it,499-409-7475,EZBDSC4R93W924Z
382,Livvyy,Grennan,lgrennanal@moonfruit.com,526-368-5780,XWPWRZ8B50Y704W
383,Jacquette,Onions,jonionsam@blogger.com,305-506-0378,KTHPTR2Z89Z524Y
384,Clerissa,Scowen,cscowenan@tiny.cc,782-301-9574,JCNJFS8E53V992L
385,Haily,Waterhouse,hwaterhouseao@sitemeter.com,964-164-9373,VEQMQN6X13H911C
386,Quinn,Carlisso,qcarlissoap@amazon.de,927-952-3728,EWQMBR1L84Q007Q
387,Carrie,Hastings,chastingsaq@posterous.com,400-191-9256,EBNKXU6Y97O367F
388,Genevieve,Cockshot,gcockshotar@aboutads.info,699-834-3872,DJXPAC0V64R079W
389,Renard,Tiller,rtilleras@fc2.com,466-854-5177,FAPTVH7S60E611Q
390,Sallee,Anglin,sanglinat@topsy.com,987-180-4955,KONXIF9Q36O546A
391,Jacinta,Bastow,jbastowau@usa.gov,910-961-0730,BARWXZ7I97D103W
392,Tonie,Maharry,tmaharryav@who.int,689-584-0969,KEFOFK5G02R970Q
393,Colin,Fortye,cfortyeaw@google.nl,100-280-8944,JSOXVN9W11Y439Q
394,Courtenay,O' Clovan,coclovanax@jigsy.com,976-471-7934,MDCGOO8G68S374Q
395,Rafi,Danbye,rdanbyeay@bravesites.com,872-666-6786,COJROC1N50W515R
396,Franz,Conrath,fconrathaz@spiegel.de,763-876-5881,DXNEPI0L10Q471N
397,Laural,A'Barrow,labarrowb0@kickstarter.com,843-764-4628,EBDPIW1U92M433T
398,Mercedes,Amerighi,mamerighib1@plala.or.jp,859-136-8630,PLGGNF7U39E506I
399,Kipper,Eldon,keldonb2@berkeley.edu,754-245-5401,RLTIWN2P38R530L
400,Vince,Gianuzzi,vgianuzzib3@jiathis.com,911-920-5386,FLOCEV9F42L822S
401,Darleen,Dries,ddriesb4@dailymotion.com,585-203-6911,YYXZHX0G05M298D
402,Cally,Burdfield,cburdfieldb5@sitemeter.com,732-591-6996,JYDWIC5D33Q435S
403,Aigneis,Van Rembrandt,avanrembrandtb6@ted.com,818-758-1622,CBRUFY9V22L178D
404,Angel,Portman,aportmanb7@cam.ac.uk,583-729-6926,NJVFMX1C11F423F
405,Eugenius,Redler,eredlerb8@google.cn,159-992-9321,VGMFSY7W44K205Z
406,Marcellus,Simoens,msimoensb9@patch.com,554-995-7556,FBAYCF3Z74G087E
407,Aurora,Timmens,atimmensba@flickr.com,355-316-5691,IEGJGI4B04D108L
408,Lorin,Coonihan,lcoonihanbb@ifeng.com,828-818-8250,IOZOIU9M64C900R
409,Jacenta,Beagan,jbeaganbc@mail.ru,416-383-0113,MZGIZR8I42W081L
410,Stanislaw,Greason,sgreasonbd@howstuffworks.com,860-958-6756,JHAMRN2C20L697D
411,Holly,Little,hlittlebe@harvard.edu,258-918-9950,GQYTWD6N43L312A
412,Celene,Lovie,cloviebf@utexas.edu,409-671-1977,MAYMDW8I28O513J
413,Chas,Galier,cgalierbg@alexa.com,442-321-8563,JPUUKX2A01P845B
414,Nancey,Aveyard,naveyardbh@de.vu,775-633-1365,MCDWUI8M07P778N
415,Webb,Meysham,wmeyshambi@stumbleupon.com,700-500-1924,SKYXCD5H53W329R
416,Bruis,Hawyes,bhawyesbj@nyu.edu,761-943-6660,EEGTND6T53T327J
417,Yovonnda,Pitcaithly,ypitcaithlybk@homestead.com,448-231-8903,LTUVYX9Y75V689B
418,Dag,Creak,dcreakbl@theguardian.com,379-274-2496,IIZGXE9S36L041I
419,Rudyard,McCurdy,rmccurdybm@sun.com,465-927-1663,YCPULP5P36M339K
420,Leonanie,Brandassi,lbrandassibn@google.ca,408-809-0404,KGOYTZ0Q53Q822J
421,Sybilla,Darque,sdarquebo@addtoany.com,308-147-9566,UOGUWD5R87T835Z
422,Carmencita,Roskelly,croskellybp@ebay.co.uk,974-332-5392,HDOPLZ6B59F703M
423,Albertina,Coolahan,acoolahanbq@t.co,257-927-4806,VCVPCQ7L10D402V
424,Kristoforo,Bradbrook,kbradbrookbr@examiner.com,325-219-8861,SYWIRN7O90M948S
425,Florencia,Ledger,fledgerbs@kickstarter.com,119-799-5425,YOEIVV2M10R125C
426,Cyb,Dawtrey,cdawtreybt@irs.gov,216-879-5891,PILZBE9E16Y712D
427,Nancy,Glasscoe,nglasscoebu@issuu.com,472-867-4979,GJALKE5A03P449U
428,Issy,Files,ifilesbv@squidoo.com,891-470-1492,YAOIPK7X68S041V
429,Shermie,Renon,srenonbw@webmd.com,453-368-0045,VYZKQW3L99M246B
430,Maible,Sexten,msextenbx@ed.gov,585-140-4086,ARMHMK2C22U821R
431,Moises,Kovacs,mkovacsby@time.com,505-740-3490,OOKKIX8G74Z072F
432,Gage,Dukes,gdukesbz@senate.gov,809-513-7651,BFFPCE9Y38L614S
433,Rhoda,Tackes,rtackesc0@qq.com,161-879-7069,VEJLBJ3P22J233P
434,Itch,Purvis,ipurvisc1@fda.gov,541-440-7216,ITUVVM4G83G844K
435,Arlee,Blamire,ablamirec2@slashdot.org,184-705-6345,AGFBVI6U31L987P
436,Doug,Charte,dchartec3@smugmug.com,285-306-2210,OPTQHX1C26W730X
437,Pattie,Cristofvao,pcristofvaoc4@ask.com,615-335-7194,FYYCGX4I54T069P
438,Bethanne,Guinane,bguinanec5@tumblr.com,996-695-9131,IYNFXU4J15O982V
439,Garrett,Brumby,gbrumbyc6@yelp.com,816-301-7544,ULPNXA1G07Y855X
440,Marcile,Kitchingman,mkitchingmanc7@google.com.hk,923-418-8380,RXCCGY1V43Y938S
441,Roland,Beneteau,rbeneteauc8@typepad.com,416-902-4444,FPAVXB7P44E643R
442,Evan,Woolfitt,ewoolfittc9@simplemachines.org,453-210-4334,LZBDQC2R61T757J
443,Rubina,D'Alesio,rdalesioca@amazon.com,358-868-4924,YPTRFQ4V74U033R
444,Thaine,Humber,thumbercb@zimbio.com,448-685-3570,CUBFWF4R69F666R
445,Ulric,Congdon,ucongdoncc@ycombinator.com,589-915-8809,CMEDHL0A79K448R
446,Selby,Tithecote,stithecotecd@vimeo.com,684-480-8983,OCKZWA2U04V274Z
447,Terrel,Robker,trobkerce@yolasite.com,945-200-5299,UYACEY1F63P221L
448,Brina,Bowdrey,bbowdreycf@hubpages.com,463-425-6987,BDWVQD4J89F522J
449,Adham,Olivetti,aolivetticg@hubpages.com,122-873-0518,GFHNEB1R81K935Q
450,Ambrosio,Cowen,acowench@cbsnews.com,450-487-2010,INYKCX4P25M514U
451,Kerianne,Cussen,kcussenci@angelfire.com,431-437-3761,KTNUPA4K37B026Z
452,Elberta,Harriday,eharridaycj@diigo.com,663-136-3819,OFZRBJ7M35G446K
453,Gabrila,Leabeater,gleabeaterck@webmd.com,464-109-5968,PDSHFN1Z56P416P
454,Damon,Mizen,dmizencl@posterous.com,574-236-5630,WVVBTC1I43P545S
455,Skip,Curror,scurrorcm@clickbank.net,349-661-3209,WBFTUI2D77H844Y
456,Gran,Downse,gdownsecn@prweb.com,654-723-5248,UMURZQ7T29N719P
457,Heloise,Vicar,hvicarco@joomla.org,925-826-2681,SFPIVJ9K72N467L
458,Allegra,Morant,amorantcp@reference.com,201-720-6912,VDJQHW3Z83O881D
459,Evonne,Killock,ekillockcq@mit.edu,863-239-5346,HSHAWA5W24D334A
460,Filippo,Arnaez,farnaezcr@globo.com,344-763-4875,UIJUWY7J25H398T
461,Joela,Lanchberry,jlanchberrycs@mac.com,395-743-3899,HIMHUC4E04N840I
462,Lainey,Fransson,lfranssonct@twitpic.com,524-338-1785,PSQXZY3E11O598O
463,Emlyn,Arbor,earborcu@163.com,884-170-0559,NZIOHO9Y29T963O
464,Sawyere,Gartland,sgartlandcv@disqus.com,563-437-9840,ZXSTWX0G79B264T
465,Roselle,Allinson,rallinsoncw@cbc.ca,254-181-1813,PRIEWZ8G25T566O
466,Georgine,Townson,gtownsoncx@washingtonpost.com,524-921-2197,XYSNVK2R29N630I
467,Farra,Rebbeck,frebbeckcy@blogspot.com,921-851-0116,XXBNQV9J18M851C
468,Zak,Franc,zfranccz@amazon.co.jp,293-852-0340,FDXOEQ9D18B026T
469,Ashly,McEwan,amcewand0@paginegialle.it,648-374-3641,HFRDRG9V08H637K
470,Jojo,Robinet,jrobinetd1@vimeo.com,887-476-8247,ICZLWU3T03M153B
471,Aprilette,Cowton,acowtond2@zdnet.com,401-867-5494,ZYYEQS4U94H101T
472,Jared,Archanbault,jarchanbaultd3@jigsy.com,167-484-3363,NDVGZF0T50O730M
473,Ebba,Fray,efrayd4@nsw.gov.au,258-379-8270,UTWIEE1Y85H103J
474,Chastity,Keiley,ckeileyd5@cisco.com,663-396-3822,BFRZWY5A37V903K
475,Janessa,Pheby,jphebyd6@marriott.com,117-676-8460,HBTZNT9P55U649U
476,Derby,Warbrick,dwarbrickd7@instagram.com,554-865-7880,LCNBKF7D27O430K
477,Shayne,Carnihan,scarnihand8@cnn.com,251-590-8552,JLRDZC2L49Y291Y
478,Gene,Russel,grusseld9@huffingtonpost.com,268-760-9835,HLBHIR6X58U156I
479,Hally,Jarvie,hjarvieda@dagondesign.com,928-780-9549,XVYSDZ5W71I579Z
480,Traver,Button,tbuttondb@vinaora.com,811-718-6519,EBUYOT9V14B698G
481,Dud,Pepperill,dpepperilldc@surveymonkey.com,965-758-1578,WTYTMZ8D08T919V
482,Zeke,Mont,zmontdd@hhs.gov,917-379-3276,PNJGJL3U59L922F
483,Kiele,Sherington,ksheringtonde@zdnet.com,153-684-9354,MNQZJG5M10S062W
484,Duff,Totterdell,dtotterdelldf@usgs.gov,317-435-6409,ZYBSRP7U96V922X
485,Sher,Megainey,smegaineydg@adobe.com,924-324-4161,XWKBXD6H56S878G
486,Meier,Garm,mgarmdh@weather.com,809-913-5129,JHYBSL1O47W411M
487,Stefa,Drivers,sdriversdi@geocities.jp,527-398-1852,KTGIOF2W69B045O
488,Clair,Barends,cbarendsdj@google.com.hk,293-694-7074,PDQTXK7Y12X472R
489,Marcelo,Bellows,mbellowsdk@miitbeian.gov.cn,801-886-0674,DFKNZT1O47E597K
490,Annette,Rablen,arablendl@adobe.com,560-423-4609,NMSSHS5Z12S703R
491,Jerrie,Stepto,jsteptodm@mediafire.com,192-180-8605,OJDJJH5Z71T331O
492,Beltran,Kollach,bkollachdn@ustream.tv,553-424-3344,FUDHTX3P24O332E
493,Amara,Poland,apolanddo@sciencedaily.com,718-259-1691,KHOHVF5V72R081Q
494,Burton,Kendal,bkendaldp@slideshare.net,137-459-5459,KWQYLF8J06I999A
495,Bronson,Critten,bcrittendq@meetup.com,428-412-6543,WSEOLV6M45G004M
496,Kellina,Piggins,kpigginsdr@istockphoto.com,566-315-0188,GCBIMA8F91G698J
497,Constance,Coulter,ccoulterds@1688.com,547-742-9332,KCAMXL6V15F920L
498,Emlynne,Dible,edibledt@cnet.com,354-953-8590,KSGJXL4V94B667F
499,Celisse,Frie,cfriedu@examiner.com,127-659-9081,GJQOOC5P81X853Z
500,Averyl,Florio,afloriodv@msu.edu,266-622-0195,BEEKDA3H15I452N
